id,Common Name
4053,Apple
1993,Hazel
4937,Pistachio
5242,Almond
6673,Comfrey
1761,Lemon
2811,Fig
5387,Pomegranate
4002,Macadamia
1445,Pecan
5421,Pear
5241,Plum
5286,Peach
5229,Sour Cherry
1955,Cornelian Cherry
4005,Osage orange
1466,Sweet chestnut
3019,Chilean hazel
4908,Stone Pine
4713,Boldo
6830,Chinese cedar
2697,Mana Gum
2685,Yellow Box
2687,Messmate
539,Rough barked apple
51,Blackwood
7399,Black Wattle
7398,Red gum
7400,Maiden's Gum
7401,Coast grey box
7402,White Stringybark
7403,Cherry ballart
7404,Lightwood
7405,African Boxthorn
1212,Blackthorn
7007,Stinging Nettle
51,Blackwood
5861,Blackberry
7406,Creeping Lantana
5505,Quercus robur
5487,Quercus macrocarpa (Burr Oak)
5475,Quercus ilex (Holm Oak)
5510,Quercus suber (Pin Oak)
7407,River peppermint
1114,Kurrajong
7408,Brown Barrel
7409,Yellow Stringybark
2687,Messmate
7410,Gully Peppermint
7411,Woolybutt
4396,Olive
378,Alnus Cordata
1763,Orange
7412,Grapefruit
1762,Mandarin
4007,highbush blueberry
95,Yarrow
6886,White Clover
353,Chives
3876,Sweet Alyssum
4326,Daffodil
295,Wild Leek
1466,Chestnut
4831,Norvegian Spruce
1485,Indian Bean Tree
4259,White Mulberry
4267,Black Mulberry
5874,Raspberry
673,Black Chokeberry
5714,Red Currant
5695,Black Currant
1603,Chamomile
7415,Pomelo
7417,Tangelo
4280,Banana
5214,Apricot
7418,Custard Apple
2598,Loquat
